<?xml version="1.0" encoding="UTF-8"?>
<workflow-app xmlns="uri:oozie:workflow:0.2" name="mr-pig_wordcount-wf">
   <start to="mr-node" />
   <action name="mr-node">
      <map-reduce>
         <job-tracker>${jobTracker}</job-tracker>
         <name-node>${nameNode}</name-node>
         <prepare>
            <delete path="${nameNode}/oozie/wordcount/mr-pig/mapreduce/${outputdir}" />
         </prepare>
         <configuration>
	    <property>
               <name>mapred.mapper.new-api</name>
               <value>true</value>
            </property>
            <property>
               <name>mapred.reducer.new-api</name>
               <value>true</value>
	    </property>
	    <property>
               <name>mapreduce.map.class</name>
               <value>org.durgasoft.mapreduce.WordCount.WordCountMapper</value>
            </property>
            <property>
               <name>mapreduce.reduce.class</name>
               <value>org.durgasoft.mapreduce.WordCount.WordCountReducer</value>
            </property>
            <property>
               <name>mapred.output.key.class</name>
               <value>org.apache.hadoop.io.Text</value>
            </property>
            <property>
               <name>mapred.output.value.class</name>
               <value>org.apache.hadoop.io.LongWritable</value>
            </property>
            <property>
               <name>mapred.job.queue.name</name>
               <value>${queueName}</value>
            </property>
            <property>
               <name>mapred.input.dir</name>
               <value>/input/sample.txt</value>
            </property>
            <property>
               <name>mapred.output.dir</name>
               <value>/oozie/wordcount/mr-pig/mapreduce/${outputdir}</value>
            </property>
         </configuration>
      </map-reduce>
      <ok to="pig-node" />
      <error to="fail" />
   </action>
    <action name="pig-node">
      <pig>
         <job-tracker>${jobTracker}</job-tracker>
         <name-node>${nameNode}</name-node>
         <prepare>
            <delete path="${nameNode}/${outputDir}" />
         </prepare>
         <configuration>
            <property>
               <name>mapred.job.queue.name</name>
               <value>${queueName}</value>
            </property>
            <property>
               <name>mapred.compress.map.output</name>
               <value>true</value>
            </property>
          </configuration>
          <script>wordcount.pig</script>
          <param>INPUT=${inputDir}</param>
          <param>OUTPUT=${outputDir}</param>
      </pig>
      <ok to="end" />
      <error to="fail" />
   </action>
   <kill name="fail">
      <message>Map/Reduce failed, error message[${wf:errorMessage(wf:lastErrorNode())}]</message>
   </kill>
   <end name="end" />
</workflow-app>
