<?xml version="1.0" encoding="UTF-8"?>
<workflow-app xmlns="uri:oozie:workflow:0.2" name="pig-wordcount-wf">
   <start to="pig-node" />
   <action name="pig-node">
      <pig>
         <job-tracker>${jobTracker}</job-tracker>
         <name-node>${nameNode}</name-node>
         <prepare>
            <delete path="${nameNode}/${outputDir}" />
         </prepare>
         <configuration>
            <property>
               <name>mapred.job.queue.name</name>
               <value>${queueName}</value>
            </property>
            <property>
               <name>mapred.compress.map.output</name>
               <value>true</value>
            </property>
          </configuration>
          <script>wordcount.pig</script>
          <param>INPUT=${inputDir}</param>
          <param>OUTPUT=${outputDir}</param>
      </pig>
      <ok to="end" />
      <error to="fail" />
   </action>
   <kill name="fail">
      <message>Pig Script failed, error message[${wf:errorMessage(wf:lastErrorNode())}]</message>
   </kill>
   <end name="end" />
</workflow-app>
